segment,requested_start_hour,requested_duration_mins,work_type,safety_criticality,trains_scheduled_in_window,asset_risk_flag,historical_overrun_rate,text_urgency_score,priority_score
C-D,14,225,Track,safety_critical,7,0,0.33,100.0,100.0
C-D,13,147,Electrical,routine,1,0,0.054,25.84,22.33
D-E,19,36,Signal,safety_critical,3,0,0.318,94.73,100.0
C-D,21,83,Other,safety_critical,5,0,0.249,100.0,100.0
B-C,10,158,Signal,routine,1,0,0.203,28.44,29.02
B-C,2,201,Electrical,routine,6,1,0.477,34.26,58.7
C-D,16,149,Electrical,safety_critical,2,1,0.261,91.08,100.0
C-D,11,202,Track,urgent,2,0,0.11,67.39,73.39
D-E,23,135,Other,safety_critical,1,1,0.229,74.66,100.0
B-C,20,76,Track,safety_critical,7,1,0.46,87.04,100.0
B-C,14,152,Electrical,safety_critical,5,0,0.088,89.81,100.0
A-B,15,170,Signal,safety_critical,0,0,0.107,89.67,100.0
D-E,4,148,Track,routine,0,0,0.007,36.37,25.06
A-B,19,179,Track,safety_critical,6,1,0.007,89.47,100.0
B-C,5,147,Signal,urgent,7,0,0.415,41.26,87.56
D-E,18,50,Track,routine,4,1,0.366,30.91,59.01
C-D,4,166,Signal,urgent,4,0,0.178,44.4,74.67
D-E,2,55,Other,urgent,3,1,0.349,46.61,91.95
C-D,0,38,Signal,urgent,5,0,0.198,49.98,88.22
C-D,5,44,Other,urgent,5,0,0.476,53.66,93.01
D-E,14,39,Signal,routine,2,1,0.484,9.56,48.82
C-D,1,151,Electrical,routine,8,1,0.196,36.17,60.41
A-B,2,150,Electrical,urgent,6,1,0.427,41.13,95.6
B-C,16,154,Other,urgent,0,1,0.387,73.84,89.3
C-D,23,199,Other,routine,6,1,0.155,13.75,43.75
A-B,11,101,Electrical,routine,4,1,0.116,37.82,51.11
C-D,17,181,Other,routine,4,0,0.229,24.72,31.63
B-C,14,237,Signal,safety_critical,1,1,0.391,67.84,100.0
A-B,11,78,Signal,safety_critical,3,0,0.48,74.57,100.0
B-C,15,183,Electrical,safety_critical,5,0,0.382,98.26,100.0
B-C,7,120,Track,urgent,6,1,0.428,60.38,100.0
A-B,13,66,Signal,safety_critical,4,0,0.302,84.21,100.0
A-B,16,97,Other,urgent,8,1,0.418,28.4,100.0
A-B,20,79,Track,urgent,2,1,0.392,71.67,94.55
D-E,7,181,Track,safety_critical,0,0,0.188,100.0,100.0
A-B,14,48,Signal,urgent,3,0,0.276,75.26,87.5
A-B,13,129,Signal,safety_critical,8,1,0.402,78.85,100.0
A-B,17,89,Track,safety_critical,3,1,0.023,88.83,100.0
A-B,19,196,Track,routine,1,0,0.404,29.92,29.28
C-D,6,231,Electrical,safety_critical,4,0,0.089,69.73,100.0
D-E,2,118,Other,routine,2,0,0.257,26.8,30.76
B-C,11,175,Electrical,safety_critical,8,0,0.404,95.71,100.0
A-B,20,176,Signal,safety_critical,3,1,0.127,92.64,100.0
C-D,23,193,Electrical,routine,5,1,0.123,13.89,42.8
C-D,2,231,Electrical,routine,1,1,0.201,16.37,33.56
C-D,19,212,Electrical,safety_critical,5,1,0.447,92.91,100.0
B-C,13,98,Electrical,urgent,2,0,0.0,62.59,73.38
A-B,14,204,Other,routine,8,0,0.451,2.46,40.16
D-E,13,78,Other,urgent,1,1,0.077,25.52,71.69
D-E,6,137,Track,urgent,8,1,0.495,54.08,100.0
C-D,16,190,Signal,urgent,4,1,0.477,47.92,88.91
B-C,11,148,Electrical,routine,7,1,0.247,22.02,55.85
B-C,19,178,Track,urgent,1,1,0.256,50.06,81.31
B-C,3,238,Track,routine,5,1,0.241,34.84,48.94
D-E,8,179,Track,urgent,2,1,0.318,56.24,86.08
C-D,5,205,Other,safety_critical,4,1,0.045,87.68,100.0
A-B,15,66,Electrical,safety_critical,7,1,0.016,71.58,100.0
D-E,21,172,Electrical,routine,0,0,0.029,0.0,15.2
C-D,21,192,Signal,safety_critical,4,1,0.222,96.24,100.0
C-D,20,228,Electrical,safety_critical,2,0,0.138,100.0,100.0
A-B,20,189,Electrical,urgent,3,0,0.311,50.89,72.4
A-B,1,40,Track,routine,1,1,0.496,27.49,45.02
A-B,23,167,Signal,urgent,8,1,0.193,58.89,100.0
B-C,7,230,Electrical,urgent,2,0,0.287,75.1,78.86
A-B,10,107,Other,urgent,1,0,0.208,65.67,79.77
C-D,12,106,Electrical,urgent,8,1,0.424,60.95,100.0
A-B,16,214,Track,urgent,6,0,0.451,55.67,90.66
C-D,7,182,Other,urgent,5,1,0.439,55.72,97.85
D-E,20,31,Track,urgent,0,1,0.487,37.73,84.83
B-C,17,93,Electrical,routine,4,1,0.014,21.17,40.92
D-E,17,64,Other,safety_critical,2,0,0.42,93.86,100.0
D-E,13,36,Signal,urgent,0,0,0.376,52.2,78.96
C-D,14,114,Signal,urgent,3,1,0.114,55.53,89.04
D-E,5,175,Other,urgent,1,0,0.478,40.89,68.5
C-D,10,96,Other,urgent,1,0,0.074,60.35,74.01
A-B,12,71,Track,urgent,2,0,0.34,37.46,76.54
A-B,0,147,Other,urgent,7,0,0.112,58.48,89.13
C-D,5,154,Track,safety_critical,7,0,0.216,83.13,100.0
A-B,8,196,Electrical,safety_critical,6,0,0.36,67.57,100.0
B-C,7,198,Track,urgent,5,0,0.282,67.83,87.48
D-E,10,232,Other,safety_critical,8,1,0.214,83.36,100.0
B-C,21,53,Other,routine,3,0,0.163,43.61,43.6
D-E,18,217,Electrical,urgent,0,0,0.42,72.74,73.99
A-B,23,75,Other,routine,7,0,0.072,16.21,40.58
B-C,8,48,Other,routine,6,0,0.215,17.08,43.9
A-B,16,97,Signal,urgent,6,0,0.452,40.94,86.34
D-E,11,131,Signal,safety_critical,2,0,0.423,69.14,100.0
C-D,13,71,Electrical,routine,3,0,0.2,20.78,36.4
C-D,14,61,Track,urgent,8,0,0.382,72.32,100.0
B-C,15,196,Signal,routine,5,1,0.412,5.85,48.04
A-B,21,138,Track,routine,4,0,0.444,33.52,44.17
A-B,21,65,Other,routine,2,0,0.272,32.68,35.13
B-C,19,126,Signal,routine,8,0,0.102,30.55,48.03
C-D,0,193,Electrical,safety_critical,4,0,0.128,92.33,100.0
D-E,9,160,Electrical,routine,4,1,0.148,13.96,39.81
B-C,7,102,Electrical,routine,3,1,0.297,32.62,50.18
D-E,17,165,Signal,routine,3,1,0.016,19.51,38.41
C-D,0,126,Track,safety_critical,0,1,0.318,60.41,100.0
A-B,1,152,Other,routine,6,1,0.182,25.57,56.61
C-D,0,99,Track,routine,8,1,0.148,16.56,54.63
B-C,0,198,Track,safety_critical,2,1,0.44,98.59,100.0
A-B,8,225,Other,safety_critical,1,1,0.23,82.14,100.0
B-C,12,42,Other,safety_critical,2,1,0.048,85.46,100.0
B-C,0,78,Signal,routine,0,1,0.413,28.89,45.23
C-D,12,89,Signal,safety_critical,5,1,0.024,82.33,100.0
B-C,19,159,Signal,safety_critical,6,1,0.363,83.96,100.0
C-D,21,217,Signal,routine,1,1,0.387,33.44,39.99
A-B,6,34,Signal,safety_critical,7,1,0.176,74.34,100.0
C-D,1,201,Other,routine,5,1,0.412,17.98,45.08
A-B,5,56,Track,urgent,3,1,0.258,43.39,86.32
C-D,6,189,Signal,safety_critical,4,0,0.232,99.37,100.0
D-E,13,178,Signal,urgent,7,1,0.023,46.58,91.2
D-E,17,37,Track,routine,2,0,0.145,23.57,36.81
B-C,14,229,Signal,safety_critical,2,1,0.466,78.99,100.0
C-D,1,79,Track,routine,3,1,0.196,21.92,43.87
C-D,9,96,Track,urgent,0,0,0.273,46.15,70.32
A-B,22,73,Other,routine,8,1,0.266,29.63,67.86
B-C,11,154,Electrical,safety_critical,7,0,0.295,74.59,100.0
C-D,16,87,Other,safety_critical,7,0,0.031,71.48,100.0
B-C,7,32,Electrical,urgent,5,0,0.181,48.3,88.43
D-E,10,115,Electrical,routine,6,1,0.362,17.02,57.38
C-D,2,99,Electrical,safety_critical,5,1,0.1,71.62,100.0
C-D,5,159,Signal,urgent,8,1,0.102,51.12,97.4
B-C,8,201,Other,safety_critical,2,0,0.005,68.4,100.0
C-D,5,31,Electrical,safety_critical,2,0,0.219,100.0,100.0
B-C,8,131,Track,routine,2,1,0.441,10.07,35.43
C-D,6,238,Signal,safety_critical,2,1,0.026,78.54,100.0
A-B,8,64,Other,routine,8,1,0.096,20.96,61.26
B-C,17,127,Electrical,safety_critical,3,1,0.155,100.0,100.0
C-D,11,59,Track,urgent,6,1,0.366,34.24,99.07
D-E,7,145,Other,safety_critical,8,0,0.32,86.42,100.0
C-D,7,37,Other,routine,6,0,0.208,35.37,50.21
D-E,17,179,Signal,routine,8,0,0.38,21.9,48.18
D-E,19,73,Other,urgent,2,1,0.305,40.96,86.04
A-B,14,215,Signal,safety_critical,3,0,0.448,83.92,100.0
B-C,6,65,Electrical,safety_critical,7,0,0.409,100.0,100.0
C-D,10,226,Signal,urgent,5,0,0.126,47.61,75.69
A-B,19,106,Track,safety_critical,4,0,0.136,99.36,100.0
C-D,15,60,Signal,safety_critical,3,0,0.063,87.59,100.0
D-E,3,76,Track,routine,7,1,0.168,37.33,62.96
B-C,5,84,Signal,safety_critical,0,0,0.5,87.19,100.0
C-D,21,237,Other,safety_critical,8,1,0.203,80.16,100.0
C-D,2,135,Electrical,urgent,0,1,0.11,74.67,83.04
D-E,8,219,Track,urgent,7,1,0.381,57.7,98.91
C-D,9,187,Signal,routine,3,1,0.271,26.66,44.34
C-D,13,150,Signal,safety_critical,8,1,0.075,93.08,100.0
D-E,10,84,Signal,safety_critical,4,0,0.19,94.24,100.0
A-B,17,173,Other,safety_critical,2,0,0.207,93.13,100.0
D-E,21,41,Other,routine,8,1,0.377,11.49,58.95
A-B,11,174,Track,routine,8,1,0.01,18.63,46.99
B-C,22,173,Track,urgent,3,1,0.135,47.12,83.37
A-B,11,169,Other,routine,3,0,0.259,17.21,31.43
A-B,12,165,Track,safety_critical,7,1,0.134,76.28,100.0
B-C,12,32,Electrical,safety_critical,1,0,0.314,78.29,100.0
A-B,18,173,Electrical,routine,8,1,0.241,28.36,59.11
D-E,18,59,Other,safety_critical,5,0,0.181,89.94,100.0
A-B,22,52,Track,safety_critical,8,1,0.475,84.98,100.0
B-C,13,121,Signal,routine,7,0,0.316,20.74,49.57
D-E,3,144,Electrical,routine,6,1,0.065,37.75,53.77
B-C,12,133,Other,safety_critical,0,0,0.28,84.08,100.0
B-C,7,147,Track,safety_critical,2,0,0.39,94.37,100.0
C-D,22,34,Other,safety_critical,1,0,0.354,79.31,100.0
C-D,20,133,Signal,urgent,4,0,0.086,59.96,79.3
B-C,22,137,Electrical,urgent,4,0,0.486,71.11,91.56
B-C,18,94,Other,urgent,4,0,0.224,23.69,74.22
B-C,11,150,Other,routine,3,0,0.08,18.45,28.42
C-D,17,59,Other,urgent,4,1,0.09,62.12,91.71
C-D,5,178,Signal,routine,2,1,0.049,37.13,40.49
A-B,17,113,Other,routine,0,1,0.402,27.03,42.17
A-B,18,227,Signal,urgent,4,1,0.061,55.59,86.83
B-C,21,179,Signal,urgent,8,1,0.063,74.33,100.0
D-E,4,239,Signal,urgent,8,0,0.425,70.29,96.64
D-E,23,229,Electrical,safety_critical,3,0,0.172,76.31,100.0
C-D,8,61,Electrical,urgent,2,0,0.015,56.4,78.15
C-D,2,190,Other,safety_critical,0,0,0.026,88.6,100.0
C-D,9,45,Other,routine,1,0,0.071,42.19,35.21
B-C,18,233,Electrical,safety_critical,7,1,0.107,93.66,100.0
D-E,2,67,Track,urgent,0,1,0.333,53.76,83.8
A-B,21,171,Electrical,routine,7,1,0.079,27.2,53.57
B-C,14,65,Signal,routine,6,1,0.059,6.16,45.74
A-B,0,180,Electrical,routine,7,0,0.382,34.69,53.3
A-B,6,143,Signal,safety_critical,5,0,0.336,91.46,100.0
B-C,11,95,Other,urgent,8,0,0.218,69.55,98.77
A-B,16,134,Track,routine,2,1,0.275,23.56,40.14
D-E,20,114,Other,routine,3,0,0.156,26.28,30.27
A-B,23,31,Signal,routine,5,1,0.241,20.19,51.82
D-E,19,230,Signal,safety_critical,7,0,0.253,73.52,100.0
D-E,4,222,Signal,safety_critical,4,0,0.194,78.98,100.0
D-E,3,104,Track,urgent,2,1,0.453,33.17,85.8
C-D,11,96,Electrical,safety_critical,5,0,0.008,94.15,100.0
A-B,19,209,Other,routine,3,0,0.391,3.25,26.55
B-C,23,219,Other,urgent,8,1,0.062,79.39,100.0
B-C,17,180,Electrical,routine,2,0,0.399,7.36,27.0
A-B,16,183,Other,routine,3,1,0.308,40.0,45.47
C-D,18,225,Track,safety_critical,6,0,0.422,75.92,100.0
C-D,8,239,Other,urgent,6,0,0.049,61.73,79.01
D-E,3,84,Signal,safety_critical,3,0,0.279,77.48,100.0
A-B,20,35,Electrical,safety_critical,5,0,0.251,100.0,100.0
A-B,1,192,Track,urgent,2,0,0.353,55.52,76.2
B-C,3,179,Electrical,routine,5,0,0.267,35.74,39.68
A-B,1,200,Track,routine,1,0,0.27,25.76,25.23
C-D,14,172,Signal,urgent,7,0,0.215,59.24,91.65
A-B,1,115,Electrical,routine,1,1,0.154,31.16,36.97
B-C,3,89,Other,urgent,6,1,0.241,48.66,95.96
D-E,5,130,Track,urgent,8,0,0.059,39.64,85.97
B-C,6,41,Electrical,safety_critical,0,0,0.481,71.98,100.0
B-C,9,78,Other,urgent,7,1,0.357,55.61,100.0
D-E,18,71,Electrical,safety_critical,6,0,0.476,80.11,100.0
B-C,18,195,Electrical,routine,5,0,0.113,3.54,29.64
B-C,21,111,Electrical,routine,5,1,0.44,30.13,58.99
A-B,11,202,Track,routine,5,0,0.404,12.82,34.69
A-B,2,64,Other,routine,8,0,0.339,13.4,52.33
D-E,12,187,Signal,safety_critical,1,1,0.313,84.58,100.0
A-B,17,187,Track,routine,0,0,0.158,16.0,18.38
A-B,7,235,Track,urgent,5,0,0.408,56.47,81.19
B-C,20,163,Track,urgent,7,1,0.251,78.68,100.0
C-D,14,96,Signal,urgent,2,0,0.035,50.45,71.71
A-B,0,109,Other,safety_critical,0,1,0.156,74.4,100.0
C-D,2,36,Other,routine,8,0,0.468,26.82,59.52
A-B,7,209,Other,routine,0,0,0.425,17.25,23.6
A-B,3,43,Electrical,routine,2,1,0.491,25.24,49.25
D-E,15,102,Electrical,safety_critical,7,1,0.314,88.16,100.0
D-E,22,172,Electrical,urgent,2,0,0.124,54.58,68.96
D-E,9,178,Signal,urgent,3,1,0.081,55.68,82.42
C-D,11,192,Electrical,routine,7,1,0.093,26.92,52.6
B-C,13,95,Signal,urgent,0,0,0.01,74.17,68.62
A-B,13,120,Other,urgent,5,0,0.195,51.96,83.84
A-B,1,159,Electrical,safety_critical,0,0,0.096,86.27,100.0
A-B,22,192,Electrical,safety_critical,0,1,0.206,93.67,100.0
C-D,4,239,Track,safety_critical,7,1,0.467,89.71,100.0
D-E,4,235,Signal,safety_critical,3,1,0.215,81.42,100.0
B-C,5,49,Other,routine,0,1,0.439,34.02,45.75
C-D,12,239,Track,safety_critical,6,0,0.303,76.29,100.0
D-E,8,39,Track,urgent,4,1,0.124,52.28,94.39
C-D,21,54,Other,routine,4,0,0.178,17.29,36.44
B-C,14,223,Track,urgent,0,1,0.042,61.91,73.92
D-E,13,54,Signal,urgent,5,0,0.167,69.28,90.82
C-D,23,83,Signal,urgent,8,0,0.339,57.68,99.42
B-C,6,62,Electrical,safety_critical,8,0,0.036,85.75,100.0
A-B,19,193,Track,safety_critical,7,1,0.103,76.25,100.0
B-C,1,124,Electrical,routine,4,0,0.191,17.97,36.86
A-B,6,43,Track,routine,0,0,0.491,13.07,31.65
C-D,5,94,Signal,safety_critical,8,1,0.392,63.23,100.0
D-E,16,139,Signal,urgent,0,0,0.367,50.31,70.63
D-E,1,109,Signal,routine,7,1,0.058,22.02,55.51
C-D,2,83,Track,safety_critical,4,1,0.39,100.0,100.0
D-E,4,154,Signal,safety_critical,2,0,0.393,100.0,100.0
D-E,4,209,Track,safety_critical,6,0,0.301,90.56,100.0
A-B,0,160,Electrical,urgent,6,1,0.495,80.01,100.0
C-D,7,198,Track,safety_critical,8,0,0.163,98.91,100.0
B-C,11,163,Electrical,safety_critical,6,1,0.471,64.92,100.0
A-B,23,54,Track,safety_critical,2,1,0.457,95.67,100.0
C-D,3,170,Electrical,safety_critical,0,1,0.006,92.11,100.0
A-B,12,146,Signal,routine,7,0,0.225,22.11,45.29
B-C,22,165,Electrical,routine,2,1,0.489,10.85,40.72
B-C,14,178,Signal,safety_critical,7,0,0.052,90.95,100.0
C-D,10,225,Signal,urgent,7,0,0.274,30.05,80.94
B-C,9,54,Electrical,routine,4,0,0.489,24.79,46.12
A-B,2,108,Track,safety_critical,0,0,0.278,78.83,100.0
B-C,21,97,Track,routine,6,1,0.095,12.41,52.52
A-B,13,202,Other,routine,4,0,0.291,36.89,34.7
A-B,15,217,Track,urgent,7,1,0.102,54.5,95.4
B-C,9,41,Other,safety_critical,8,1,0.26,86.74,100.0
C-D,9,61,Track,safety_critical,6,0,0.037,94.08,100.0
D-E,11,157,Track,urgent,6,1,0.303,54.89,100.0
B-C,8,125,Signal,urgent,0,1,0.258,60.42,80.28
A-B,0,121,Other,safety_critical,3,0,0.37,93.16,100.0
A-B,4,170,Track,safety_critical,1,1,0.315,90.67,100.0
B-C,19,60,Other,urgent,1,1,0.275,58.43,88.3
C-D,7,107,Signal,routine,1,1,0.345,42.83,44.06
C-D,10,49,Signal,routine,3,1,0.072,37.42,54.28
A-B,11,175,Other,urgent,0,0,0.298,53.97,69.65
A-B,0,89,Signal,routine,3,1,0.086,15.9,42.38
C-D,21,220,Electrical,urgent,1,1,0.463,62.66,87.79
D-E,19,163,Electrical,routine,4,1,0.034,27.16,41.52
B-C,10,189,Signal,routine,2,1,0.215,42.09,43.74
A-B,4,122,Electrical,safety_critical,7,0,0.348,94.87,100.0
A-B,14,72,Track,safety_critical,3,1,0.229,92.64,100.0
C-D,4,159,Other,routine,0,0,0.046,25.13,21.28
B-C,11,89,Track,routine,0,1,0.277,16.24,32.63
C-D,4,180,Other,safety_critical,2,0,0.321,83.02,100.0
B-C,16,240,Signal,safety_critical,8,0,0.352,89.77,100.0
B-C,16,60,Track,safety_critical,6,0,0.187,67.7,100.0
B-C,23,34,Signal,urgent,1,0,0.282,69.9,84.06
A-B,11,240,Signal,routine,8,0,0.225,45.67,51.69
D-E,23,191,Other,safety_critical,1,1,0.336,65.55,100.0
C-D,14,39,Other,routine,2,1,0.292,11.0,45.93
D-E,14,118,Other,urgent,1,1,0.263,57.76,85.9
C-D,5,159,Track,urgent,2,0,0.125,48.01,73.73
B-C,11,155,Electrical,safety_critical,5,1,0.001,87.61,100.0
A-B,19,40,Other,urgent,8,0,0.087,54.14,94.64
D-E,17,207,Other,routine,8,0,0.059,14.76,40.47
A-B,13,188,Track,safety_critical,6,1,0.225,97.88,100.0
C-D,1,85,Other,routine,2,1,0.306,29.65,50.47
A-B,8,236,Track,routine,3,0,0.107,19.4,27.42
A-B,4,230,Signal,urgent,5,0,0.47,73.06,91.32
D-E,19,112,Other,urgent,4,1,0.003,48.9,86.39
B-C,0,166,Other,urgent,1,1,0.386,40.1,78.64
A-B,22,128,Signal,urgent,5,1,0.313,57.2,98.42
B-C,2,178,Signal,urgent,2,1,0.187,59.24,81.36
C-D,5,102,Signal,safety_critical,7,0,0.025,90.32,100.0
A-B,4,185,Other,routine,1,1,0.314,31.96,39.26
D-E,20,219,Electrical,routine,0,1,0.193,30.16,32.57
C-D,4,144,Electrical,routine,8,1,0.468,29.75,63.27
C-D,0,36,Electrical,routine,2,0,0.271,19.26,36.84
D-E,16,109,Other,urgent,0,0,0.47,46.83,72.09
A-B,18,173,Signal,routine,6,0,0.11,32.42,42.57
A-B,13,126,Other,safety_critical,4,0,0.363,87.43,100.0
C-D,11,33,Signal,safety_critical,4,1,0.309,93.2,100.0
A-B,9,33,Other,routine,0,0,0.37,7.93,25.88
B-C,19,132,Other,routine,8,1,0.107,19.99,58.6
D-E,20,69,Signal,safety_critical,6,1,0.332,100.0,100.0
B-C,17,46,Electrical,safety_critical,7,1,0.249,90.53,100.0
A-B,23,130,Signal,urgent,8,1,0.371,58.55,100.0
C-D,10,132,Track,safety_critical,5,0,0.164,92.08,100.0
D-E,1,153,Track,urgent,4,0,0.445,81.5,93.63
A-B,17,81,Signal,urgent,5,0,0.042,78.98,90.68
A-B,6,81,Other,urgent,1,1,0.404,36.05,81.56
C-D,23,193,Track,urgent,3,1,0.431,40.47,82.8
C-D,14,153,Track,urgent,2,1,0.409,35.64,83.43
B-C,10,195,Other,routine,6,1,0.256,17.53,50.88
D-E,17,207,Other,safety_critical,8,1,0.219,85.55,100.0
D-E,22,92,Electrical,urgent,4,0,0.498,57.9,86.86
C-D,11,145,Other,safety_critical,5,1,0.115,69.7,100.0
B-C,5,220,Signal,safety_critical,1,0,0.273,66.33,100.0
D-E,19,91,Signal,urgent,2,1,0.335,45.82,90.03
C-D,22,36,Electrical,routine,2,1,0.35,34.16,50.95
A-B,12,184,Track,urgent,8,0,0.102,68.08,91.33
D-E,19,121,Track,routine,6,0,0.327,42.06,47.76
B-C,15,43,Other,safety_critical,7,1,0.409,84.68,100.0
B-C,17,228,Signal,routine,8,1,0.025,33.28,50.62
B-C,9,115,Track,routine,5,1,0.456,35.1,56.89
A-B,22,162,Electrical,routine,3,1,0.015,20.03,37.45
D-E,7,212,Electrical,safety_critical,0,0,0.178,88.88,100.0
D-E,17,159,Signal,safety_critical,7,1,0.008,91.59,100.0
A-B,20,91,Electrical,routine,6,0,0.039,15.91,41.16
D-E,0,178,Electrical,routine,1,1,0.456,41.42,44.43
A-B,22,108,Signal,urgent,7,0,0.177,54.53,88.67
A-B,7,178,Other,routine,4,0,0.212,25.87,37.87
A-B,5,167,Other,urgent,6,1,0.108,43.63,93.22
B-C,4,87,Electrical,routine,3,0,0.299,17.21,31.4
D-E,14,149,Other,urgent,4,1,0.297,28.64,84.27
A-B,21,196,Other,safety_critical,7,0,0.186,85.55,100.0
D-E,14,162,Electrical,routine,0,1,0.167,50.06,41.56
B-C,1,94,Other,routine,0,0,0.442,14.81,32.47
A-B,0,42,Electrical,routine,3,1,0.192,54.76,56.2
C-D,22,210,Track,routine,2,1,0.247,39.14,38.06
B-C,22,111,Signal,urgent,1,0,0.142,49.32,71.24
C-D,10,202,Signal,routine,2,0,0.393,25.27,34.12
D-E,9,189,Other,safety_critical,0,0,0.199,83.65,100.0
D-E,17,193,Other,safety_critical,0,0,0.257,100.0,100.0
B-C,17,238,Other,routine,5,1,0.127,30.17,43.82
D-E,16,217,Signal,safety_critical,4,0,0.494,96.82,100.0
C-D,7,168,Track,routine,7,1,0.146,28.58,53.19
A-B,14,220,Track,routine,1,0,0.385,23.88,27.52
A-B,7,178,Signal,safety_critical,3,1,0.214,88.26,100.0
A-B,16,81,Track,routine,7,1,0.103,20.93,55.14
B-C,11,212,Signal,safety_critical,5,1,0.4,70.48,100.0
D-E,7,146,Track,urgent,0,1,0.167,64.76,79.51
C-D,13,55,Electrical,routine,3,0,0.433,9.99,37.05
D-E,3,225,Electrical,urgent,0,0,0.458,51.77,70.04
D-E,0,63,Signal,safety_critical,1,1,0.43,80.6,100.0
D-E,0,81,Track,urgent,4,0,0.018,62.72,80.37
A-B,18,141,Other,urgent,7,0,0.394,73.78,96.44
C-D,15,111,Track,safety_critical,7,1,0.206,97.05,100.0
C-D,13,209,Electrical,urgent,2,0,0.437,63.07,78.0
D-E,20,186,Electrical,urgent,3,0,0.319,47.44,72.68
A-B,15,195,Track,safety_critical,5,0,0.417,83.17,100.0
A-B,4,71,Track,urgent,2,1,0.25,51.05,86.65
C-D,8,50,Other,safety_critical,1,0,0.268,80.3,100.0
A-B,1,71,Other,urgent,5,1,0.072,50.17,92.55
A-B,17,170,Track,safety_critical,4,0,0.392,80.71,100.0
A-B,5,142,Track,safety_critical,4,0,0.21,80.27,100.0
B-C,8,134,Track,urgent,4,0,0.25,66.42,86.38
D-E,0,221,Track,urgent,4,1,0.393,42.34,87.97
C-D,8,46,Signal,urgent,2,1,0.299,46.25,89.44
C-D,15,149,Track,routine,6,0,0.101,9.17,37.86
B-C,12,166,Other,routine,5,1,0.295,39.15,52.93
D-E,8,198,Electrical,routine,3,0,0.204,17.03,26.2
C-D,20,158,Signal,safety_critical,1,1,0.235,91.61,100.0
A-B,12,159,Track,urgent,8,1,0.014,60.7,99.25
C-D,8,89,Electrical,safety_critical,0,0,0.105,98.19,100.0
A-B,10,77,Signal,routine,3,0,0.141,22.9,35.14
B-C,3,58,Electrical,urgent,0,0,0.356,43.63,72.46
A-B,1,126,Track,safety_critical,5,0,0.006,69.44,100.0
C-D,5,39,Track,urgent,3,1,0.204,21.58,83.19
C-D,13,87,Other,safety_critical,4,1,0.462,86.61,100.0
C-D,3,217,Track,urgent,4,1,0.056,64.31,87.38
B-C,5,50,Track,routine,8,0,0.258,29.72,53.52
B-C,18,57,Signal,routine,0,0,0.393,9.7,27.84
D-E,5,232,Other,urgent,1,1,0.471,67.47,86.7
C-D,1,63,Signal,safety_critical,5,0,0.373,78.02,100.0
A-B,17,37,Electrical,routine,4,1,0.36,15.93,52.96
B-C,12,216,Track,routine,6,1,0.413,17.79,49.51
C-D,8,229,Electrical,routine,2,1,0.223,25.78,39.05
C-D,22,206,Signal,urgent,2,1,0.403,37.18,83.56
B-C,18,108,Track,urgent,1,1,0.004,54.56,75.84
D-E,12,174,Track,safety_critical,2,0,0.462,89.29,100.0
B-C,10,217,Signal,safety_critical,0,0,0.222,96.07,100.0
B-C,0,116,Signal,safety_critical,4,0,0.277,86.76,100.0
A-B,23,117,Signal,urgent,4,1,0.127,38.92,89.16
A-B,21,202,Signal,urgent,6,1,0.371,56.79,97.8
D-E,6,240,Signal,safety_critical,3,1,0.038,74.4,100.0
C-D,20,98,Track,safety_critical,2,1,0.436,73.82,100.0
B-C,14,189,Signal,urgent,0,0,0.414,38.65,67.05
D-E,0,201,Track,safety_critical,7,0,0.108,65.89,100.0
A-B,11,222,Track,routine,2,1,0.405,19.33,37.34
B-C,6,116,Signal,urgent,1,1,0.393,68.55,90.13
C-D,14,130,Signal,safety_critical,3,1,0.316,100.0,100.0
A-B,20,37,Other,urgent,2,0,0.187,48.12,78.21
A-B,18,106,Track,routine,0,0,0.136,35.86,28.56
A-B,0,229,Signal,urgent,2,0,0.116,50.27,67.48
D-E,16,116,Signal,urgent,1,1,0.159,35.19,77.71
C-D,16,72,Signal,urgent,7,1,0.452,63.41,100.0
B-C,2,158,Other,urgent,5,0,0.039,57.82,79.5
D-E,11,138,Other,routine,8,1,0.414,43.18,69.29
D-E,5,208,Electrical,urgent,7,0,0.174,36.58,80.64
D-E,10,181,Track,urgent,2,1,0.261,88.55,94.49
A-B,2,181,Electrical,safety_critical,4,0,0.397,100.0,100.0
C-D,7,46,Signal,urgent,6,1,0.442,54.78,100.0
D-E,13,162,Other,safety_critical,4,0,0.172,82.01,100.0
B-C,13,177,Other,routine,7,0,0.231,17.84,39.07
C-D,9,50,Electrical,routine,4,0,0.207,26.1,40.07
B-C,1,87,Other,routine,0,0,0.007,23.16,24.25
C-D,13,188,Signal,routine,4,0,0.148,30.14,34.65
B-C,8,139,Other,safety_critical,3,0,0.23,82.06,100.0
A-B,2,168,Electrical,urgent,5,1,0.206,71.98,95.16
D-E,20,209,Signal,routine,2,1,0.361,26.25,41.09
B-C,7,172,Electrical,urgent,4,1,0.192,51.92,89.11
C-D,15,240,Other,safety_critical,1,0,0.245,95.24,100.0
D-E,1,164,Electrical,safety_critical,5,0,0.215,68.77,100.0
D-E,5,57,Electrical,safety_critical,5,1,0.37,88.41,100.0
C-D,20,80,Track,routine,4,0,0.431,25.26,44.48
B-C,11,215,Other,urgent,5,0,0.266,38.07,76.37
A-B,4,34,Other,urgent,6,0,0.395,34.5,87.18
A-B,1,34,Electrical,urgent,4,0,0.148,67.12,88.79
B-C,15,123,Track,safety_critical,0,0,0.271,94.63,100.0
D-E,4,125,Other,routine,7,1,0.173,26.73,58.31
D-E,14,37,Signal,safety_critical,3,1,0.207,100.0,100.0
D-E,11,93,Electrical,safety_critical,8,1,0.366,89.41,100.0
D-E,3,167,Other,urgent,5,1,0.441,70.0,100.0
B-C,14,67,Signal,safety_critical,0,1,0.061,89.2,100.0
D-E,10,140,Other,urgent,2,0,0.317,51.69,78.84
C-D,15,141,Signal,routine,2,0,0.291,14.42,29.97
D-E,22,110,Electrical,urgent,3,0,0.059,47.76,72.58
A-B,5,165,Other,routine,5,0,0.106,22.43,37.39
D-E,13,133,Other,urgent,6,1,0.156,71.36,99.81
B-C,17,182,Track,safety_critical,3,1,0.083,92.7,100.0
A-B,11,102,Electrical,safety_critical,5,1,0.122,88.3,100.0
B-C,10,223,Signal,routine,0,0,0.134,33.7,18.78
B-C,12,236,Other,routine,7,1,0.168,30.27,51.29
A-B,20,207,Other,routine,6,0,0.375,27.62,44.25
B-C,22,224,Signal,urgent,8,1,0.286,37.02,96.16
B-C,10,78,Electrical,urgent,2,1,0.493,68.67,95.08
D-E,22,65,Track,routine,1,0,0.207,20.41,26.94
C-D,15,155,Track,safety_critical,0,0,0.377,95.89,100.0
B-C,14,97,Other,urgent,2,1,0.436,69.22,94.2
B-C,20,107,Signal,urgent,4,1,0.339,46.96,90.99
B-C,14,134,Other,urgent,1,0,0.206,66.4,78.44
D-E,3,198,Signal,routine,2,1,0.377,21.39,40.2
C-D,10,151,Track,routine,3,1,0.102,21.45,40.08
A-B,18,148,Electrical,routine,6,0,0.164,27.57,41.79
D-E,14,219,Signal,routine,2,1,0.273,27.84,36.41
D-E,3,143,Track,routine,8,0,0.288,25.39,51.58
C-D,20,39,Other,safety_critical,7,1,0.011,71.66,100.0
C-D,12,178,Signal,safety_critical,3,0,0.473,83.79,100.0
D-E,21,193,Electrical,routine,0,1,0.348,47.78,41.41
A-B,18,169,Other,urgent,0,0,0.248,21.59,57.4
D-E,1,120,Other,routine,0,1,0.467,33.7,45.27
C-D,13,31,Track,safety_critical,0,0,0.22,95.57,100.0
A-B,3,147,Signal,safety_critical,7,1,0.49,71.42,100.0
C-D,15,42,Other,urgent,2,1,0.256,49.37,89.89
A-B,20,210,Electrical,safety_critical,5,1,0.057,74.99,100.0
B-C,19,189,Signal,routine,2,1,0.382,43.54,50.54
C-D,13,124,Electrical,urgent,4,1,0.339,68.24,94.53
C-D,14,173,Other,routine,6,1,0.386,36.51,58.62
D-E,2,61,Electrical,routine,1,1,0.476,26.21,45.92
C-D,7,61,Track,urgent,5,1,0.388,70.75,100.0
C-D,15,153,Electrical,routine,5,1,0.306,24.92,50.03
B-C,9,40,Signal,safety_critical,2,0,0.429,98.59,100.0
C-D,3,39,Electrical,routine,5,0,0.337,23.51,47.04
B-C,17,44,Electrical,urgent,4,1,0.204,46.85,89.9
B-C,1,46,Track,urgent,1,0,0.443,76.73,86.5
B-C,16,197,Electrical,urgent,8,1,0.111,54.75,98.36
B-C,12,175,Electrical,routine,7,1,0.357,16.01,52.44
A-B,3,212,Other,urgent,2,0,0.441,44.08,70.21
D-E,10,230,Other,urgent,7,1,0.366,44.12,90.54
A-B,6,182,Signal,routine,8,1,0.349,33.44,60.59
C-D,11,88,Other,safety_critical,2,0,0.376,84.01,100.0
A-B,9,107,Other,routine,2,0,0.233,47.98,37.74
A-B,6,153,Other,urgent,1,1,0.437,69.23,89.32
C-D,12,143,Other,urgent,7,0,0.102,58.09,87.12
C-D,6,51,Track,routine,0,0,0.064,39.04,28.11
C-D,23,187,Other,safety_critical,7,1,0.143,80.04,100.0
A-B,16,201,Track,urgent,6,0,0.266,32.74,78.7
A-B,9,61,Track,urgent,6,0,0.255,43.13,89.49
C-D,9,208,Other,urgent,2,1,0.41,56.77,85.04
D-E,23,203,Electrical,routine,0,0,0.202,22.77,20.19
D-E,3,142,Track,urgent,3,0,0.242,64.89,81.21
B-C,19,149,Electrical,safety_critical,8,1,0.007,83.75,100.0
